ID;NOMBRE
185;7030 Training Team
186;A.A.A.J (Asociación Atlética Argentinos Juniors)
187;Ac Training
188;Accyona
189;Actitud Deportiva
190;Adidas Pacheco
191;Adidas Palermo 1
192;Adidas Palermo 2
193;Adidas R.G
194;Adidas Running Team Madero
195;Adn+
196;Adrogue Running Team
197;Aimale Center Running Team
198;Aktitud+ Running Team
199;Alwalys Club
200;Amanus Running Club
201;Amigos Que Corren
202;Animal´S Team
203;Animals Team
204;Asi Running Team
205;Atix Ple
206;Avanza Training & Running Group
207;Aventura Sinfin
208;Balmas Team
209;Barra Energetica Team
210;Bela
211;Bet G
212;Brio Running Team
213;Buenos Aires Corre
214;Caacupé
215;Carlos Gats
216;Carolina Rossi
217;Centro Aeróbico Del Club Atlético Lanús
218;Cfbtraining Running Team
219;Chacabuko´S Corre
220;Chrunning Team
221;Circuito Adidas Parque Sarmiento
222;Circuito Adidas Vicente Lopez 1
223;Club Atlético Banco Provincia
224;Club Atlético River Plate
225;Club De Chicas
226;Club Pescadores Rt
227;Cm Running Team
228;Cocamunar Running Team
229;Control Run
230;Corre Mas
231;Creando Caminos
232;Cross Run
233;Del Viso Corre
234;Dina Huapi Corre X Mas
235;Elite Running Team
236;Endurance Team
237;Entrena2 Running Team
238;Entrenamiento Oeste
239;Entrenamiento Running
240;Entrenamientos Outdoors
241;Esencia Running
242;Fila Rt Romina Curci
243;Fila Running Team Ds
244;Fila Running Team Ea
245;Fila Running Team Sa
246;Fila Running Team Sc
247;Fitna Running Team
248;Florida Team
249;Freestation
250;Friendly Runners
251;Gaby Castillo Multidisciplinas
252;Gb Team
253;Gear Team
254;Gep Team
255;Go Team Pilar
256;Gramajo Running Team
257;Greencity Entrenamientos
258;Grupo F Roller Team
259;Grupo F Running Team
260;Grupo K10
261;Grupo Parque San Martin Y Cemdde
262;Gruppo Di Corridori
263;Gstraining
264;Halcones La Plata
265;Hastalameta
266;Hi-Tec Promenade Running
267;I Like Run- Cross Rt
268;Improving
269;Indalo Corre
270;Integral Trainer
271;Integraltrainer
272;Irlanda Running Team
273;Ironteam
274;Jugar Corriendo Running Kids
275;Kore
276;La Deportista
277;Las ÃGuilas De San Martin
278;Las Liebre
279;Lekip Running Team
280;Leloir Running
281;Life Center Running Team
282;Los Correcaminos
283;M.O Running Team
284;Mariano Forgit Running Team
285;Mariel El Jaber
286;Martin Pan Run Club
287;Marzano Running Team
288;Mb Positive Running Team
289;Mc Running Team
290;Mizuno Running Team
291;Mountain Bike Team
292;Mtb Training
293;Mulchen Training Team
294;Multidisciplinas Team
295;Mutti Gimnasios
296;Mv Adventure Team
297;Neuro Speed
298;New Life
299;Nike Running Team
300;Nuevo Delta
301;Nuevo Delta Running
302;O2Break
303;Oeste Rt
304;Open Park Running Team
305;Opus Running Team - Camino De Sol
306;Palermo Adventure Team
307;Pampa Running Group
308;Pisada Neutra
309;Pisando Fuerte Running Team
310;Profemarina Running Team
311;Provincia Seguros Running Team
312;Pulso Corre
313;Puma Running Team
314;Punto 400
315;Quilmes Way
316;R.R. Team
317;Racing Club Atletismo
318;Rieger Wellness Rt
319;Rosario Team Merrell
320;Rt Oxigeno Running Team Gr
321;Run Quilmes Team
322;Runners Fox Pinamar
323;Running 40 Team
324;Running Adidas Dh
325;Running Merrell Team Cba
326;Running Team - Carolina Vaccarezza
327;Running Team Always Club
328;Running Team Amateurs
329;Running Team Atp
330;Running Team Superación
331;Running Torcuato
332;Sha Running Team
333;Simplemente
334;Smrunning
335;Sportream
336;Staa - Rg
337;Stay Positive Running Team
338;Team De Corredores
339;Team Igt
340;The North Face Running Club Argentina
341;Titanes En El Run
342;Total Team
343;Training Fit
344;Trotadores Urbanos
345;Tutti Rt
346;Urban Training
347;Vegan Argentina Running Team
348;Vg Running Team
349;Villteam
350;Vo2 Max
351;Vo2 Runners
352;Vtr Entrenamiento
353;Wilde Corre
354;Winninglife
